[
  {
    "signal": "long",
    "tp": 1.5,
    "sl": 0.7,
    "ai_prediction": 84218.27880800844,
    "rsi": 75.85521344200248,
    "ema": 84210.33260269291,
    "tema": 84270.50213149577,
    "macd": -21.914176637932542,
    "bb_upper": 84710.30934667027,
    "bb_lower": 83464.18965332974,
    "bb": "중단",
    "divergence": "없음",
    "sentiment_score": -0.62,
    "profit": 676.9497600000001,
    "timestamp": "2025-04-14T02:15:18.341365"
  },
  {
    "signal": "long",
    "tp": 1.5,
    "sl": 0.7,
    "ai_prediction": 83827.0839469552,
    "rsi": 75.61541534773633,
    "ema": 84208.48593602625,
    "tema": 84265.47300073238,
    "macd": -23.460957264716853,
    "bb_upper": 84705.90870325886,
    "bb_lower": 83466.65129674114,
    "bb": "중단",
    "divergence": "없음",
    "sentiment_score": -0.62,
    "profit": 676.79464,
    "timestamp": "2025-04-14T02:15:35.125735"
  },
  {
    "signal": "long",
    "tp": 1.5,
    "sl": 0.7,
    "ai_prediction": 83988.37604346871,
    "rsi": 75.11044423415723,
    "ema": 84204.71355507387,
    "tema": 84255.19946439723,
    "macd": -26.62072934448952,
    "bb_upper": 84697.24070960129,
    "bb_lower": 83471.3582903987,
    "bb": "중단",
    "divergence": "없음",
    "sentiment_score": -0.62,
    "profit": 676.4777600000001,
    "timestamp": "2025-04-14T02:15:57.575650"
  },
  {
    "signal": "long",
    "tp": 1.5,
    "sl": 0.7,
    "ai_prediction": 84005.36646516681,
    "rsi": 74.91186188797347,
    "ema": 84203.27165031196,
    "tema": 84251.27264439936,
    "macd": -27.828478632232873,
    "bb_upper": 84694.04400677182,
    "bb_lower": 83473.04099322818,
    "bb": "중단",
    "divergence": "없음",
    "sentiment_score": -0.62,
    "profit": 676.35664,
    "timestamp": "2025-04-14T02:16:08.140065"
  },
  {
    "signal": "long",
    "tp": 1.5,
    "sl": 0.7,
    "ai_prediction": 83930.04212945343,
    "rsi": 75.07747879803141,
    "ema": 84204.47260269291,
    "tema": 84254.54326528266,
    "macd": -26.822552706304123,
    "bb_upper": 84696.7019859789,
    "bb_lower": 83471.64401402109,
    "bb": "중단",
    "divergence": "없음",
    "sentiment_score": -0.62,
    "profit": 676.4575200000002,
    "timestamp": "2025-04-14T02:16:17.531453"
  },
  {
    "signal": "long",
    "tp": 1.5,
    "sl": 0.7,
    "ai_prediction": 84340.49320032001,
    "rsi": 75.4413206087179,
    "ema": 84207.16784078816,
    "tema": 84261.88335814518,
    "macd": -24.565002848758013,
    "bb_upper": 84702.83050311675,
    "bb_lower": 83468.34549688325,
    "bb": "중단",
    "divergence": "없음",
    "sentiment_score": -0.62,
    "profit": 676.68392,
    "timestamp": "2025-04-14T02:16:27.493233"
  },
  {
    "signal": "long",
    "tp": 1.5,
    "sl": 0.7,
    "ai_prediction": 84614.74655855418,
    "rsi": 75.4413206087179,
    "ema": 84207.16784078816,
    "tema": 84261.88335814518,
    "macd": -24.565002848758013,
    "bb_upper": 84702.83050311675,
    "bb_lower": 83468.34549688325,
    "bb": "중단",
    "divergence": "없음",
    "sentiment_score": -0.62,
    "profit": 676.68392,
    "timestamp": "2025-04-14T02:16:37.699022"
  },
  {
    "signal": "long",
    "tp": 1.5,
    "sl": 0.7,
    "ai_prediction": 84092.06823237777,
    "rsi": 75.14020741297709,
    "ema": 84204.93165031196,
    "tema": 84255.79341537441,
    "macd": -26.438051281817025,
    "bb_upper": 84697.72988981375,
    "bb_lower": 83471.09811018626,
    "bb": "중단",
    "divergence": "없음",
    "sentiment_score": -0.62,
    "profit": 676.49608,
    "timestamp": "2025-04-14T02:16:51.349051"
  },
  {
    "signal": "long",
    "tp": 1.5,
    "sl": 0.7,
    "ai_prediction": 83903.79525586843,
    "rsi": 73.11881775635813,
    "ema": 84198.57069793102,
    "tema": 84238.4702774844,
    "macd": -31.76602848978655,
    "bb_upper": 84684.0815949274,
    "bb_lower": 83478.06740507261,
    "bb": "중단",
    "divergence": "없음",
    "sentiment_score": -0.62,
    "profit": 675.9617600000001,
    "timestamp": "2025-04-14T02:17:01.422420"
  },
  {
    "signal": "long",
    "tp": 1.5,
    "sl": 0.7,
    "ai_prediction": 83913.11813367487,
    "rsi": 72.88714464270066,
    "ema": 84197.98403126435,
    "tema": 84236.87257529235,
    "macd": -32.25742450117832,
    "bb_upper": 84682.88856653514,
    "bb_lower": 83478.64443346485,
    "bb": "중단",
    "divergence": "없음",
    "sentiment_score": -0.61,
    "profit": 675.9124799999998,
    "timestamp": "2025-04-14T02:17:26.794553"
  },
  {
    "signal": "long",
    "tp": 1.5,
    "sl": 0.7,
    "ai_prediction": 83898.56089340926,
    "rsi": 73.15618837182889,
    "ema": 84198.6649836453,
    "tema": 84238.7270510509,
    "macd": -31.68705413081625,
    "bb_upper": 84684.27438409577,
    "bb_lower": 83477.97361590422,
    "bb": "중단",
    "divergence": "없음",
    "sentiment_score": -0.61,
    "profit": 675.96968,
    "timestamp": "2025-04-14T02:17:43.711369"
  },
  {
    "signal": "long",
    "tp": 1.5,
    "sl": 0.7,
    "ai_prediction": 84083.96626297236,
    "rsi": 73.73440939104869,
    "ema": 84200.11165031197,
    "tema": 84242.66683941074,
    "macd": -30.475316239069798,
    "bb_upper": 84687.26877874763,
    "bb_lower": 83476.49822125236,
    "bb": "중단",
    "divergence": "없음",
    "sentiment_score": -0.61,
    "profit": 676.0912,
    "timestamp": "2025-04-14T02:18:01.024037"
  },
  {
    "signal": "long",
    "tp": 1.5,
    "sl": 0.7,
    "ai_prediction": 83939.43342595697,
    "rsi": 73.09731865592295,
    "ema": 84198.51641221673,
    "tema": 84238.32243815815,
    "macd": -31.811498575247242,
    "bb_upper": 84683.97072713662,
    "bb_lower": 83478.12127286338,
    "bb": "중단",
    "divergence": "없음",
    "sentiment_score": -0.61,
    "profit": 675.9572,
    "timestamp": "2025-04-14T02:18:10.101518"
  },
  {
    "signal": "long",
    "tp": 1.5,
    "sl": 0.7,
    "ai_prediction": 83877.34976878406,
    "rsi": 72.57804297165072,
    "ema": 84197.19545983577,
    "tema": 84234.72501455378,
    "macd": -32.91793732170481,
    "bb_upper": 84681.30279296337,
    "bb_lower": 83479.40220703662,
    "bb": "중단",
    "divergence": "없음",
    "sentiment_score": -0.61,
    "profit": 675.8462399999999,
    "timestamp": "2025-04-14T02:18:20.067902"
  },
  {
    "signal": "long",
    "tp": 1.5,
    "sl": 0.7,
    "ai_prediction": 84345.54555575967,
    "rsi": 72.77260518788204,
    "ema": 84197.69260269291,
    "tema": 84236.07891154112,
    "macd": -32.50152706528024,
    "bb_upper": 84682.30013088648,
    "bb_lower": 83478.92686911354,
    "bb": "중단",
    "divergence": "없음",
    "sentiment_score": -0.61,
    "profit": 675.888,
    "timestamp": "2025-04-14T02:18:30.465364"
  },
  {
    "signal": "long",
    "tp": 1.5,
    "sl": 0.7,
    "ai_prediction": 84119.40183400632,
    "rsi": 72.77260518788204,
    "ema": 84197.69260269291,
    "tema": 84236.07891154112,
    "macd": -32.50152706528024,
    "bb_upper": 84682.30013088648,
    "bb_lower": 83478.92686911354,
    "bb": "중단",
    "divergence": "없음",
    "sentiment_score": -0.61,
    "profit": 675.888,
    "timestamp": "2025-04-14T02:18:40.411069"
  },
  {
    "signal": "long",
    "tp": 1.5,
    "sl": 0.7,
    "ai_prediction": 83850.00155345321,
    "rsi": 73.01332948614208,
    "ema": 84198.30403126434,
    "tema": 84237.7440492153,
    "macd": -31.989390313145122,
    "bb_upper": 84683.53790920493,
    "bb_lower": 83478.33109079508,
    "bb": "중단",
    "divergence": "없음",
    "sentiment_score": -0.61,
    "profit": 675.93936,
    "timestamp": "2025-04-14T02:18:50.756728"
  },
  {
    "signal": "long",
    "tp": 1.5,
    "sl": 0.7,
    "ai_prediction": 84009.0783455503,
    "rsi": 72.77484759933614,
    "ema": 84197.69831697863,
    "tema": 84236.09447357547,
    "macd": -32.49674074050563,
    "bb_upper": 84682.31164195367,
    "bb_lower": 83478.92135804631,
    "bb": "중단",
    "divergence": "없음",
    "sentiment_score": -0.61,
    "profit": 675.8884800000001,
    "timestamp": "2025-04-14T02:19:00.377155"
  },
  {
    "signal": "long",
    "tp": 1.5,
    "sl": 0.7,
    "ai_prediction": 84062.72989649772,
    "rsi": 74.08482072837913,
    "ema": 84200.97736459768,
    "tema": 84245.02448761287,
    "macd": -29.750188033955055,
    "bb_upper": 84689.09312295553,
    "bb_lower": 83475.58287704448,
    "bb": "중단",
    "divergence": "없음",
    "sentiment_score": -0.61,
    "profit": 676.1639200000001,
    "timestamp": "2025-04-14T02:19:16.918388"
  },
  {
    "signal": "long",
    "tp": 1.5,
    "sl": 0.7,
    "ai_prediction": 83824.57371145606,
    "rsi": 74.63067807768226,
    "ema": 84202.30974555005,
    "tema": 84248.6530352859,
    "macd": -28.634176637933706,
    "bb_upper": 84691.94789500003,
    "bb_lower": 83474.12710499998,
    "bb": "중단",
    "divergence": "없음",
    "sentiment_score": -0.61,
    "profit": 676.2758400000001,
    "timestamp": "2025-04-14T02:19:25.295593"
  },
  {
    "signal": "long",
    "tp": 1.5,
    "sl": 0.7,
    "ai_prediction": 83673.73971171379,
    "rsi": 74.90366215596435,
    "ema": 84203.21260269292,
    "tema": 84251.11183671122,
    "macd": -27.877937321696663,
    "bb_upper": 84693.9144911444,
    "bb_lower": 83473.10850885558,
    "bb": "중단",
    "divergence": "없음",
    "sentiment_score": -0.61,
    "profit": 676.35168,
    "timestamp": "2025-04-14T02:19:35.618686"
  },
  {
    "signal": "long",
    "tp": 1.5,
    "sl": 0.7,
    "ai_prediction": 84081.14183287382,
    "rsi": 75.71851904744874,
    "ema": 84209.27545983577,
    "tema": 84267.62315514332,
    "macd": -22.799646723404294,
    "bb_upper": 84707.77765807834,
    "bb_lower": 83465.61134192166,
    "bb": "중단",
    "divergence": "없음",
    "sentiment_score": -0.61,
    "profit": 676.8609600000001,
    "timestamp": "2025-04-14T02:19:45.285928"
  },
  {
    "signal": "long",
    "tp": 1.5,
    "sl": 0.7,
    "ai_prediction": 84225.77364450932,
    "rsi": 75.75623319481764,
    "ema": 84209.56593602625,
    "tema": 84268.41422522218,
    "macd": -22.55634188010299,
    "bb_upper": 84708.46997878946,
    "bb_lower": 83465.22402121052,
    "bb": "중단",
    "divergence": "없음",
    "sentiment_score": -0.61,
    "profit": 676.88536,
    "timestamp": "2025-04-14T02:19:55.324236"
  },
  {
    "signal": "long",
    "tp": 1.5,
    "sl": 0.7,
    "ai_prediction": 83948.30660028815,
    "rsi": 77.0459158827583,
    "ema": 84220.07355507388,
    "tema": 84297.03021269654,
    "macd": -13.755088318852358,
    "bb_upper": 84735.15719097397,
    "bb_lower": 83449.56980902604,
    "bb": "중단",
    "divergence": "없음",
    "sentiment_score": -0.61,
    "profit": 677.7680000000001,
    "timestamp": "2025-04-14T02:20:05.413387"
  },
  {
    "signal": "long",
    "tp": 1.5,
    "sl": 0.7,
    "ai_prediction": 84415.83879232765,
    "rsi": 79.29248114413942,
    "ema": 84241.5030788834,
    "tema": 84355.39043513473,
    "macd": 4.194427350681508,
    "bb_upper": 84798.50054678918,
    "bb_lower": 83408.72745321083,
    "bb": "상단",
    "divergence": "없음",
    "sentiment_score": -0.61,
    "profit": 679.56808,
    "timestamp": "2025-04-14T02:20:16.033893"
  },
  {
    "signal": "long",
    "tp": 1.5,
    "sl": 0.7,
    "ai_prediction": 84043.79319535733,
    "rsi": 78.75199728636824,
    "ema": 84235.93355507388,
    "tema": 84340.22263900045,
    "macd": -0.4706438744033221,
    "bb_upper": 84780.99055510096,
    "bb_lower": 83420.38944489902,
    "bb": "상단",
    "divergence": "없음",
    "sentiment_score": -0.61,
    "profit": 679.1002400000001,
    "timestamp": "2025-04-14T02:20:25.425691"
  },
  {
    "signal": "long",
    "tp": 1.5,
    "sl": 0.7,
    "ai_prediction": 83845.54171721578,
    "rsi": 78.05137804169597,
    "ema": 84229.12212650244,
    "tema": 84321.67269407,
    "macd": -6.175943019698025,
    "bb_upper": 84760.54238051026,
    "bb_lower": 83433.68561948974,
    "bb": "상단",
    "divergence": "없음",
    "sentiment_score": -0.61,
    "profit": 678.5280799999999,
    "timestamp": "2025-04-14T02:20:35.046368"
  },
  {
    "signal": "long",
    "tp": 1.5,
    "sl": 0.7,
    "ai_prediction": 83659.46810290217,
    "rsi": 77.89586583463316,
    "ema": 84227.66879316911,
    "tema": 84317.7147500035,
    "macd": -7.39326495701971,
    "bb_upper": 84756.32425218777,
    "bb_lower": 83436.37774781222,
    "bb": "상단",
    "divergence": "없음",
    "sentiment_score": -0.61,
    "profit": 678.4060000000001,
    "timestamp": "2025-04-14T02:20:45.353413"
  },
  {
    "signal": "long",
    "tp": 1.5,
    "sl": 0.7,
    "ai_prediction": 84198.2221658647,
    "rsi": 78.65664214334691,
    "ema": 84234.98022174054,
    "tema": 84337.6263729384,
    "macd": -1.269162392913131,
    "bb_upper": 84778.06305882485,
    "bb_lower": 83422.31594117517,
    "bb": "상단",
    "divergence": "없음",
    "sentiment_score": -0.61,
    "profit": 679.0201600000001,
    "timestamp": "2025-04-14T02:20:54.975489"
  },
  {
    "signal": "long",
    "tp": 1.5,
    "sl": 0.7,
    "ai_prediction": 83812.98105997921,
    "rsi": 79.25602837497473,
    "ema": 84241.11831697864,
    "tema": 84354.34259148936,
    "macd": 3.872148148380802,
    "bb_upper": 84797.26905825909,
    "bb_lower": 83409.5549417409,
    "bb": "상단",
    "divergence": "없음",
    "sentiment_score": -0.61,
    "profit": 679.53576,
    "timestamp": "2025-04-14T02:21:05.279842"
  },
  {
    "signal": "long",
    "tp": 1.5,
    "sl": 0.7,
    "ai_prediction": 84459.3776612854,
    "rsi": 79.10571567762561,
    "ema": 84239.54593602625,
    "tema": 84350.06043837409,
    "macd": 2.55511111136002,
    "bb_upper": 84792.26963824322,
    "bb_lower": 83412.90336175679,
    "bb": "상단",
    "divergence": "없음",
    "sentiment_score": -0.61,
    "profit": 679.4036800000001,
    "timestamp": "2025-04-14T02:21:15.604760"
  },
  {
    "signal": "long",
    "tp": 1.5,
    "sl": 0.7,
    "ai_prediction": 84118.58545945525,
    "rsi": 78.37048277616714,
    "ema": 84232.16974555005,
    "tema": 84329.97244571673,
    "macd": -3.623236466999515,
    "bb_upper": 84769.55540730183,
    "bb_lower": 83427.87259269819,
    "bb": "상단",
    "divergence": "없음",
    "sentiment_score": -0.61,
    "profit": 678.78408,
    "timestamp": "2025-04-14T02:21:24.965233"
  },
  {
    "signal": "long",
    "tp": 1.5,
    "sl": 0.7,
    "ai_prediction": 83934.98687490345,
    "rsi": 78.53239058089281,
    "ema": 84233.75069793101,
    "tema": 84334.27794188344,
    "macd": -2.299019942773157,
    "bb_upper": 84774.31839965099,
    "bb_lower": 83424.769600349,
    "bb": "상단",
    "divergence": "없음",
    "sentiment_score": -0.61,
    "profit": 678.91688,
    "timestamp": "2025-04-14T02:21:35.656351"
  },
  {
    "signal": "long",
    "tp": 1.5,
    "sl": 0.7,
    "ai_prediction": 84144.95920654655,
    "rsi": 78.1842427241856,
    "ema": 84230.38022174053,
    "tema": 84325.09893529672,
    "macd": -5.122153845906723,
    "bb_upper": 84764.23582079195,
    "bb_lower": 83431.31317920805,
    "bb": "상단",
    "divergence": "없음",
    "sentiment_score": -0.61,
    "profit": 678.63376,
    "timestamp": "2025-04-14T02:21:45.548777"
  },
  {
    "signal": "long",
    "tp": 1.5,
    "sl": 0.7,
    "ai_prediction": 83799.4042662859,
    "rsi": 77.83081250232806,
    "ema": 84227.06688840721,
    "tema": 84316.07554905326,
    "macd": -7.897424501177738,
    "bb_upper": 84754.59269623525,
    "bb_lower": 83437.47730376475,
    "bb": "상단",
    "divergence": "없음",
    "sentiment_score": -0.61,
    "profit": 678.35544,
    "timestamp": "2025-04-14T02:21:55.575406"
  },
  {
    "signal": "long",
    "tp": 1.5,
    "sl": 0.7,
    "ai_prediction": 84257.96829492928,
    "rsi": 78.11554762846004,
    "ema": 84229.72784078815,
    "tema": 84323.32226970982,
    "macd": -5.66859259235207,
    "bb_upper": 84762.3157746563,
    "bb_lower": 83432.54822534371,
    "bb": "상단",
    "divergence": "없음",
    "sentiment_score": -0.61,
    "profit": 678.5789599999998,
    "timestamp": "2025-04-14T02:22:05.532842"
  },
  {
    "signal": "long",
    "tp": 1.5,
    "sl": 0.7,
    "ai_prediction": 84096.93260246515,
    "rsi": 78.2943509779781,
    "ema": 84231.43450745482,
    "tema": 84327.97013063198,
    "macd": -4.23907692283683,
    "bb_upper": 84767.36051570036,
    "bb_lower": 83429.29548429963,
    "bb": "상단",
    "divergence": "없음",
    "sentiment_score": -0.61,
    "profit": 678.72232,
    "timestamp": "2025-04-14T02:22:15.316206"
  },
  {
    "signal": "long",
    "tp": 1.5,
    "sl": 0.7,
    "ai_prediction": 84220.90661738515,
    "rsi": 78.492141298504,
    "ema": 84233.35545983577,
    "tema": 84333.20156784172,
    "macd": -2.6300740738370223,
    "bb_upper": 84773.12213561118,
    "bb_lower": 83425.55086438883,
    "bb": "상단",
    "divergence": "없음",
    "sentiment_score": -0.61,
    "profit": 678.8836799999999,
    "timestamp": "2025-04-14T02:22:25.470800"
  },
  {
    "signal": "long",
    "tp": 1.5,
    "sl": 0.7,
    "ai_prediction": 83895.79425386072,
    "rsi": 78.41451637036309,
    "ema": 84232.59736459768,
    "tema": 84331.13700461964,
    "macd": -3.2650598288164474,
    "bb_upper": 84770.8378894751,
    "bb_lower": 83427.03911052491,
    "bb": "상단",
    "divergence": "없음",
    "sentiment_score": -0.61,
    "profit": 678.8199999999999,
    "timestamp": "2025-04-14T02:22:35.171168"
  },
  {
    "signal": "long",
    "tp": 1.5,
    "sl": 0.7,
    "ai_prediction": 83947.48756870032,
    "rsi": 77.8495854387089,
    "ema": 84227.24022174053,
    "tema": 84316.54759742822,
    "macd": -7.752239316003397,
    "bb_upper": 84755.09040940803,
    "bb_lower": 83437.16159059198,
    "bb": "상단",
    "divergence": "없음",
    "sentiment_score": -0.61,
    "profit": 678.37,
    "timestamp": "2025-04-14T02:22:45.360052"
  },
  {
    "signal": "long",
    "tp": 1.5,
    "sl": 0.7,
    "ai_prediction": 84218.50864169002,
    "rsi": 77.17566401380735,
    "ema": 84221.19641221673,
    "tema": 84300.08815244383,
    "macd": -12.81457549832703,
    "bb_upper": 84738.19110636575,
    "bb_lower": 83447.71489363424,
    "bb": "중단",
    "divergence": "없음",
    "sentiment_score": -0.61,
    "profit": 677.86232,
    "timestamp": "2025-04-14T02:22:55.271417"
  },
  {
    "signal": "long",
    "tp": 1.5,
    "sl": 0.7,
    "ai_prediction": 83516.33419575215,
    "rsi": 77.73355284697323,
    "ema": 84226.17355507387,
    "tema": 84313.64268435189,
    "macd": -8.645686609452241,
    "bb_upper": 84752.03956647239,
    "bb_lower": 83439.09243352759,
    "bb": "상단",
    "divergence": "없음",
    "sentiment_score": -0.61,
    "profit": 678.2804000000001,
    "timestamp": "2025-04-14T02:23:05.551130"
  },
  {
    "signal": "long",
    "tp": 1.5,
    "sl": 0.7,
    "ai_prediction": 83943.45086557031,
    "rsi": 78.0050359213655,
    "ema": 84228.6868884072,
    "tema": 84320.48738578797,
    "macd": -6.540501424256945,
    "bb_upper": 84759.2736685205,
    "bb_lower": 83434.4973314795,
    "bb": "상단",
    "divergence": "없음",
    "sentiment_score": -0.61,
    "profit": 678.4915199999999,
    "timestamp": "2025-04-14T02:23:15.699564"
  },
  {
    "signal": "long",
    "tp": 1.5,
    "sl": 0.7,
    "ai_prediction": 83938.31813476801,
    "rsi": 77.70811286652096,
    "ema": 84225.94117412149,
    "tema": 84313.00982828882,
    "macd": -8.840330484090373,
    "bb_upper": 84751.37873769009,
    "bb_lower": 83439.50926230989,
    "bb": "상단",
    "divergence": "없음",
    "sentiment_score": -0.61,
    "profit": 678.2608799999999,
    "timestamp": "2025-04-14T02:23:25.842911"
  },
  {
    "signal": "long",
    "tp": 1.5,
    "sl": 0.7,
    "ai_prediction": 84210.79260687709,
    "rsi": 77.41035459579479,
    "ema": 84223.26022174054,
    "tema": 84305.70864051214,
    "macd": -11.085914529670845,
    "bb_upper": 84743.85504326958,
    "bb_lower": 83444.21795673043,
    "bb": "상단",
    "divergence": "없음",
    "sentiment_score": -0.61,
    "profit": 678.0356800000001,
    "timestamp": "2025-04-14T02:23:35.374928"
  },
  {
    "signal": "long",
    "tp": 1.5,
    "sl": 0.7,
    "ai_prediction": 84039.47285355092,
    "rsi": 77.55699496520876,
    "ema": 84224.57165031196,
    "tema": 84309.28012739254,
    "macd": -9.987452991204918,
    "bb_upper": 84747.5121993933,
    "bb_lower": 83441.93780060671,
    "bb": "상단",
    "divergence": "없음",
    "sentiment_score": -0.61,
    "profit": 678.14584,
    "timestamp": "2025-04-14T02:23:46.027448"
  },
  {
    "signal": "long",
    "tp": 1.5,
    "sl": 0.7,
    "ai_prediction": 84023.3805102849,
    "rsi": 77.56746441243386,
    "ema": 84224.66593602626,
    "tema": 84309.53690095915,
    "macd": -9.908478632234619,
    "bb_upper": 84747.77684988386,
    "bb_lower": 83441.77215011614,
    "bb": "상단",
    "divergence": "없음",
    "sentiment_score": -0.61,
    "profit": 678.15376,
    "timestamp": "2025-04-14T02:23:55.323343"
  },
  {
    "signal": "long",
    "tp": 1.5,
    "sl": 0.7,
    "ai_prediction": 84323.42771733284,
    "rsi": 77.77513234923371,
    "ema": 84226.55450745483,
    "tema": 84314.6801533077,
    "macd": -8.326598290354013,
    "bb_upper": 84753.12585554908,
    "bb_lower": 83438.4061444509,
    "bb": "상단",
    "divergence": "없음",
    "sentiment_score": -0.61,
    "profit": 678.3124,
    "timestamp": "2025-04-14T02:24:05.406951"
  },
  {
    "signal": "long",
    "tp": 1.5,
    "sl": 0.7,
    "ai_prediction": 83935.12703359366,
    "rsi": 78.17203955965333,
    "ema": 84230.26403126435,
    "tema": 84324.78250726513,
    "macd": -5.219475783233065,
    "bb_upper": 84763.8930987476,
    "bb_lower": 83431.53390125239,
    "bb": "상단",
    "divergence": "없음",
    "sentiment_score": -0.61,
    "profit": 678.6239999999999,
    "timestamp": "2025-04-14T02:24:15.466067"
  },
  {
    "signal": "long",
    "tp": 1.5,
    "sl": 0.7,
    "ai_prediction": 84089.95389535904,
    "rsi": 78.35238588928576,
    "ema": 84231.99450745482,
    "tema": 84329.49520999705,
    "macd": -3.7700170937750954,
    "bb_upper": 84769.03110170868,
    "bb_lower": 83428.21289829133,
    "bb": "상단",
    "divergence": "없음",
    "sentiment_score": -0.61,
    "profit": 678.76936,
    "timestamp": "2025-04-14T02:24:25.695638"
  },
  {
    "signal": "long",
    "tp": 1.5,
    "sl": 0.7,
    "ai_prediction": 84381.9237105918,
    "rsi": 78.25270659174977,
    "ema": 84231.03450745482,
    "tema": 84326.88078822834,
    "macd": -4.574119657874689,
    "bb_upper": 84766.17184052731,
    "bb_lower": 83430.06415947266,
    "bb": "상단",
    "divergence": "없음",
    "sentiment_score": -0.61,
    "profit": 678.6887200000001,
    "timestamp": "2025-04-14T02:24:35.491710"
  },
  {
    "signal": "long",
    "tp": 1.5,
    "sl": 0.7,
    "ai_prediction": 84034.44640421987,
    "rsi": 78.37244800610554,
    "ema": 84232.1887931691,
    "tema": 84330.02431916448,
    "macd": -3.6072820510307793,
    "bb_upper": 84769.61244106991,
    "bb_lower": 83427.83555893009,
    "bb": "상단",
    "divergence": "없음",
    "sentiment_score": -0.61,
    "profit": 678.7856800000001,
    "timestamp": "2025-04-14T02:24:45.639629"
  },
  {
    "signal": "long",
    "tp": 1.5,
    "sl": 0.7,
    "ai_prediction": 83833.91452426076,
    "rsi": 78.13384163145304,
    "ema": 84229.90117412149,
    "tema": 84323.79431808472,
    "macd": -5.523407407163177,
    "bb_upper": 84762.82490719478,
    "bb_lower": 83432.22109280522,
    "bb": "상단",
    "divergence": "없음",
    "sentiment_score": -0.61,
    "profit": 678.59352,
    "timestamp": "2025-04-14T02:24:55.352596"
  },
  {
    "signal": "long",
    "tp": 1.5,
    "sl": 0.7,
    "ai_prediction": 84198.86051895142,
    "rsi": 78.53519755084713,
    "ema": 84233.77831697863,
    "tema": 84334.35315838271,
    "macd": -2.2758860396425007,
    "bb_upper": 84774.40213065056,
    "bb_lower": 83424.71486934944,
    "bb": "상단",
    "divergence": "없음",
    "sentiment_score": -0.61,
    "profit": 678.9191999999999,
    "timestamp": "2025-04-14T02:25:05.816419"
  },
  {
    "signal": "long",
    "tp": 1.5,
    "sl": 0.7,
    "ai_prediction": 84160.43113172412,
    "rsi": 78.44910708222963,
    "ema": 84232.93450745482,
    "tema": 84332.05516464557,
    "macd": -2.9826666664303048,
    "bb_upper": 84771.85207485178,
    "bb_lower": 83426.3789251482,
    "bb": "상단",
    "divergence": "없음",
    "sentiment_score": -0.61,
    "profit": 678.8483199999998,
    "timestamp": "2025-04-14T02:25:15.803890"
  },
  {
    "signal": "long",
    "tp": 1.5,
    "sl": 0.7,
    "ai_prediction": 83530.25640422702,
    "rsi": 77.50077979526799,
    "ema": 84224.06688840721,
    "tema": 84307.9054810261,
    "macd": -10.41024501400534,
    "bb_upper": 84746.09929141264,
    "bb_lower": 83442.82070858734,
    "bb": "상단",
    "divergence": "없음",
    "sentiment_score": -0.61,
    "profit": 678.10344,
    "timestamp": "2025-04-14T02:25:25.642916"
  },
  {
    "signal": "long",
    "tp": 1.5,
    "sl": 0.7,
    "ai_prediction": 83730.17982276321,
    "rsi": 78.03902574038166,
    "ema": 84229.00593602625,
    "tema": 84321.3562660385,
    "macd": -6.273264957009815,
    "bb_upper": 84760.20323050757,
    "bb_lower": 83433.9027694924,
    "bb": "상단",
    "divergence": "없음",
    "sentiment_score": -0.61,
    "profit": 678.51832,
    "timestamp": "2025-04-14T02:25:35.337321"
  },
  {
    "signal": "long",
    "tp": 1.5,
    "sl": 0.7,
    "ai_prediction": 83939.26271134376,
    "rsi": 78.07513228975233,
    "ema": 84229.34593602625,
    "tema": 84322.28220708157,
    "macd": -5.988478632236365,
    "bb_upper": 84761.19659640202,
    "bb_lower": 83433.26640359797,
    "bb": "상단",
    "divergence": "없음",
    "sentiment_score": -0.61,
    "profit": 678.5468800000001,
    "timestamp": "2025-04-14T02:25:45.457408"
  },
  {
    "signal": "long",
    "tp": 1.5,
    "sl": 0.7,
    "ai_prediction": 84248.2096630907,
    "rsi": 78.15641560944255,
    "ema": 84230.11545983577,
    "tema": 84324.37789437234,
    "macd": -5.343920227678609,
    "bb_upper": 84763.455341688,
    "bb_lower": 83431.81565831201,
    "bb": "상단",
    "divergence": "없음",
    "sentiment_score": -0.61,
    "profit": 678.61152,
    "timestamp": "2025-04-14T02:25:56.027265"
  },
  {
    "signal": "long",
    "tp": 1.5,
    "sl": 0.7,
    "ai_prediction": 83563.61350823879,
    "rsi": 77.93172821078568,
    "ema": 84228.00212650244,
    "tema": 84318.62253533986,
    "macd": -7.114062677821494,
    "bb_upper": 84757.28708033655,
    "bb_lower": 83435.76491966344,
    "bb": "상단",
    "divergence": "없음",
    "sentiment_score": -0.61,
    "profit": 678.4340000000001,
    "timestamp": "2025-04-14T02:26:05.610380"
  },
  {
    "signal": "long",
    "tp": 1.5,
    "sl": 0.7,
    "ai_prediction": 83910.59594151021,
    "rsi": 77.83669535989102,
    "ema": 84227.1211741215,
    "tema": 84316.2233883795,
    "macd": -7.851954415717046,
    "bb_upper": 84754.7484922768,
    "bb_lower": 83437.3785077232,
    "bb": "상단",
    "divergence": "없음",
    "sentiment_score": -0.61,
    "profit": 678.36,
    "timestamp": "2025-04-14T02:26:15.455601"
  },
  {
    "signal": "long",
    "tp": 1.5,
    "sl": 0.7,
    "ai_prediction": 84236.26694701791,
    "rsi": 77.83081250232806,
    "ema": 84227.06688840721,
    "tema": 84316.07554905326,
    "macd": -7.897424501177738,
    "bb_upper": 84754.59269623525,
    "bb_lower": 83437.47730376475,
    "bb": "상단",
    "divergence": "없음",
    "sentiment_score": -0.61,
    "profit": 678.35544,
    "timestamp": "2025-04-14T02:26:25.626479"
  },
  {
    "signal": "long",
    "tp": 1.5,
    "sl": 0.7,
    "ai_prediction": 83807.14620720745,
    "rsi": 77.83091573726958,
    "ema": 84227.06784078815,
    "tema": 84316.07814272564,
    "macd": -7.896626780377119,
    "bb_upper": 84754.59542886085,
    "bb_lower": 83437.47557113915,
    "bb": "상단",
    "divergence": "없음",
    "sentiment_score": -0.61,
    "profit": 678.3555200000001,
    "timestamp": "2025-04-14T02:26:35.476308"
  },
  {
    "signal": "long",
    "tp": 1.5,
    "sl": 0.7,
    "ai_prediction": 84334.46836941839,
    "rsi": 77.96257892495399,
    "ema": 84228.28974555006,
    "tema": 84319.40582440156,
    "macd": -6.873150996907498,
    "bb_upper": 84758.12008621867,
    "bb_lower": 83435.23391378133,
    "bb": "상단",
    "divergence": "없음",
    "sentiment_score": -0.61,
    "profit": 678.45816,
    "timestamp": "2025-04-14T02:26:45.330136"
  },
  {
    "signal": "long",
    "tp": 1.5,
    "sl": 0.7,
    "ai_prediction": 83768.64043017269,
    "rsi": 77.41292682579646,
    "ema": 84223.2830788834,
    "tema": 84305.77088864948,
    "macd": -11.066769230528735,
    "bb_upper": 84743.91840100299,
    "bb_lower": 83444.17859899702,
    "bb": "상단",
    "divergence": "없음",
    "sentiment_score": -0.61,
    "profit": 678.0375999999999,
    "timestamp": "2025-04-14T02:26:55.625941"
  },
  {
    "signal": "long",
    "tp": 1.5,
    "sl": 0.7,
    "ai_prediction": 84068.72483573556,
    "rsi": 77.18441483753448,
    "ema": 84221.27260269292,
    "tema": 84300.295646235,
    "macd": -12.750757834510296,
    "bb_upper": 84738.398195167,
    "bb_lower": 83447.58780483298,
    "bb": "중단",
    "divergence": "없음",
    "sentiment_score": -0.61,
    "profit": 677.8687199999999,
    "timestamp": "2025-04-14T02:27:05.623623"
  },
  {
    "signal": "long",
    "tp": 1.5,
    "sl": 0.7,
    "ai_prediction": 84144.4955536282,
    "rsi": 76.86419921077682,
    "ema": 84218.52212650244,
    "tema": 84292.80512037392,
    "macd": -15.05457549833227,
    "bb_upper": 84731.02145234535,
    "bb_lower": 83452.07654765465,
    "bb": "중단",
    "divergence": "없음",
    "sentiment_score": -0.61,
    "profit": 677.6376800000002,
    "timestamp": "2025-04-14T02:27:15.646513"
  },
  {
    "signal": "long",
    "tp": 1.5,
    "sl": 0.7,
    "ai_prediction": 83877.54705376507,
    "rsi": 76.75575649864243,
    "ema": 84217.60784078816,
    "tema": 84290.31519487986,
    "macd": -15.820387464147643,
    "bb_upper": 84728.61506735772,
    "bb_lower": 83453.52293264226,
    "bb": "중단",
    "divergence": "없음",
    "sentiment_score": -0.61,
    "profit": 677.5608799999999,
    "timestamp": "2025-04-14T02:27:25.531331"
  },
  {
    "signal": "long",
    "tp": 1.5,
    "sl": 0.7,
    "ai_prediction": 83994.24145216346,
    "rsi": 76.848672884834,
    "ema": 84218.39069793101,
    "tema": 84292.4471935841,
    "macd": -15.164660968424869,
    "bb_upper": 84730.67411713183,
    "bb_lower": 83452.28588286816,
    "bb": "중단",
    "divergence": "없음",
    "sentiment_score": -0.61,
    "profit": 677.6266400000002,
    "timestamp": "2025-04-14T02:27:35.367394"
  },
  {
    "signal": "long",
    "tp": 1.5,
    "sl": 0.7,
    "ai_prediction": 84329.55550840974,
    "rsi": 77.08965961972486,
    "ema": 84220.45069793101,
    "tema": 84298.0573069628,
    "macd": -13.43919088295661,
    "bb_upper": 84736.17243381355,
    "bb_lower": 83448.95056618644,
    "bb": "중단",
    "divergence": "없음",
    "sentiment_score": -0.61,
    "profit": 677.7996800000002,
    "timestamp": "2025-04-14T02:27:45.511632"
  },
  {
    "signal": "long",
    "tp": 1.5,
    "sl": 0.7,
    "ai_prediction": 84297.57541370988,
    "rsi": 76.86476136788824,
    "ema": 84218.5268884072,
    "tema": 84292.81808873583,
    "macd": -15.050586894343724,
    "bb_upper": 84731.03404586126,
    "bb_lower": 83452.06895413874,
    "bb": "중단",
    "divergence": "없음",
    "sentiment_score": -0.61,
    "profit": 677.63808,
    "timestamp": "2025-04-14T02:27:55.683640"
  },
  {
    "signal": "long",
    "tp": 1.5,
    "sl": 0.7,
    "ai_prediction": 84331.60674080491,
    "rsi": 76.9236362226248,
    "ema": 84219.0268884072,
    "tema": 84294.17976674036,
    "macd": -14.6317834755464,
    "bb_upper": 84732.35982387798,
    "bb_lower": 83451.26817612202,
    "bb": "중단",
    "divergence": "없음",
    "sentiment_score": -0.61,
    "profit": 677.6800800000001,
    "timestamp": "2025-04-14T02:28:06.078456"
  },
  {
    "signal": "long",
    "tp": 1.5,
    "sl": 0.7,
    "ai_prediction": 84153.44445350766,
    "rsi": 77.03484305430246,
    "ema": 84219.97831697864,
    "tema": 84296.7708454576,
    "macd": -13.834860398623277,
    "bb_upper": 84734.90142402543,
    "bb_lower": 83449.72557597457,
    "bb": "중단",
    "divergence": "없음",
    "sentiment_score": -0.61,
    "profit": 677.76,
    "timestamp": "2025-04-14T02:28:15.560488"
  },
  {
    "signal": "long",
    "tp": 1.5,
    "sl": 0.7,
    "ai_prediction": 84211.59303920747,
    "rsi": 76.89653498980852,
    "ema": 84218.79641221673,
    "tema": 84293.55209802213,
    "macd": -14.824831908583292,
    "bb_upper": 84731.7478527901,
    "bb_lower": 83451.6381472099,
    "bb": "중단",
    "divergence": "없음",
    "sentiment_score": -0.61,
    "profit": 677.6607200000001,
    "timestamp": "2025-04-14T02:28:25.765359"
  }
]